{
  "Logistic Regression": {
    "fpr": [
      0.0,
      0.0,
      0.0,
      0.03125,
      0.03125,
      0.0625,
      0.0625,
      0.09375,
      0.09375,
      0.1875,
      0.1875,
      0.21875,
      0.21875,
      1.0
    ],
    "tpr": [
      0.0,
      0.03571428571428571,
      0.35714285714285715,
      0.35714285714285715,
      0.7857142857142857,
      0.7857142857142857,
      0.8214285714285714,
      0.8214285714285714,
      0.8571428571428571,
      0.8571428571428571,
      0.9642857142857143,
      0.9642857142857143,
      1.0,
      1.0
    ],
    "auc": 0.9531
  },
  "KNN": {
    "fpr": [
      0.0,
      0.0,
      0.0,
      0.03125,
      0.21875,
      0.34375,
      0.5,
      1.0
    ],
    "tpr": [
      0.0,
      0.2857142857142857,
      0.6428571428571429,
      0.75,
      0.8928571428571429,
      0.9642857142857143,
      1.0,
      1.0
    ],
    "auc": 0.9453
  },
  "SVM": {
    "fpr": [
      0.0,
      0.0,
      0.0,
      0.03125,
      0.03125,
      0.0625,
      0.0625,
      0.09375,
      0.09375,
      0.15625,
      0.15625,
      0.1875,
      0.1875,
      0.21875,
      0.21875,
      1.0
    ],
    "tpr": [
      0.0,
      0.03571428571428571,
      0.5714285714285714,
      0.5714285714285714,
      0.6071428571428571,
      0.6071428571428571,
      0.75,
      0.75,
      0.7857142857142857,
      0.7857142857142857,
      0.8928571428571429,
      0.8928571428571429,
      0.9642857142857143,
      0.9642857142857143,
      1.0,
      1.0
    ],
    "auc": 0.9487
  },
  "Random Forest": {
    "fpr": [
      0.0,
      0.0,
      0.0,
      0.03125,
      0.03125,
      0.0625,
      0.0625,
      0.125,
      0.125,
      0.15625,
      0.15625,
      0.21875,
      0.21875,
      0.28125,
      0.28125,
      1.0
    ],
    "tpr": [
      0.0,
      0.03571428571428571,
      0.39285714285714285,
      0.39285714285714285,
      0.6071428571428571,
      0.6071428571428571,
      0.6785714285714286,
      0.6785714285714286,
      0.8214285714285714,
      0.8214285714285714,
      0.9285714285714286,
      0.9285714285714286,
      0.9642857142857143,
      0.9642857142857143,
      1.0,
      1.0
    ],
    "auc": 0.9364
  },
  "XGBoost": {
    "fpr": [
      0.0,
      0.0,
      0.0,
      0.03125,
      0.03125,
      0.0625,
      0.0625,
      0.09375,
      0.09375,
      0.125,
      0.125,
      0.25,
      0.25,
      0.46875,
      0.46875,
      0.5625,
      0.5625,
      1.0
    ],
    "tpr": [
      0.0,
      0.03571428571428571,
      0.17857142857142858,
      0.17857142857142858,
      0.2857142857142857,
      0.2857142857142857,
      0.35714285714285715,
      0.35714285714285715,
      0.7857142857142857,
      0.7857142857142857,
      0.8928571428571429,
      0.8928571428571429,
      0.9285714285714286,
      0.9285714285714286,
      0.9642857142857143,
      0.9642857142857143,
      1.0,
      1.0
    ],
    "auc": 0.8929
  }
}